{
  "(1.0, 1.0)": {
    "0.5": 0.26126126126126126,
    "1.0": 0.5135135135135135,
    "0.75": 0.08108108108108109,
    "0.25": 0.10810810810810811,
    "0.3333333333333333": 0.009009009009009009,
    "2.0": 0.02702702702702703
  },
  "(1.0, 0.5)": {
    "0.5": 0.9148936170212766,
    "0.25": 0.06382978723404255,
    "1.0": 0.02127659574468085
  },
  "(0.5, 0.5)": {
    "1.0": 0.10393258426966293,
    "0.5": 0.7865168539325843,
    "0.75": 0.0028089887640449437,
    "0.25": 0.028089887640449437,
    "1.5": 0.0702247191011236,
    "2.0": 0.008426966292134831
  },
  "(0.5, 1.0)": {
    "0.5": 0.3333333333333333,
    "1.0": 0.5238095238095238,
    "1.5": 0.09523809523809523,
    "2.0": 0.047619047619047616
  },
  "(0.5, 0.75)": {
    "0.25": 1.0
  },
  "(0.75, 0.25)": {
    "0.5": 0.012345679012345678,
    "1.0": 0.5925925925925926,
    "0.25": 0.1111111111111111,
    "0.75": 0.24691358024691357,
    "1.5": 0.037037037037037035
  },
  "(0.25, 0.5)": {
    "0.5": 0.75,
    "0.25": 0.25
  },
  "(0.25, 0.75)": {
    "0.25": 1.0
  },
  "(0.25, 1.0)": {
    "0.75": 0.3220338983050847,
    "0.25": 0.11864406779661017,
    "1.0": 0.3898305084745763,
    "1.5": 0.15254237288135594,
    "0.3333333333333333": 0.01694915254237288
  },
  "(1.0, 0.75)": {
    "0.25": 1.0
  },
  "(1.0, 0.25)": {
    "0.75": 0.5263157894736842,
    "1.0": 0.3157894736842105,
    "0.5": 0.15789473684210525
  },
  "(0.25, 0.25)": {
    "0.25": 0.34782608695652173,
    "0.75": 0.30434782608695654,
    "2.0": 0.08695652173913043,
    "0.5": 0.17391304347826086,
    "0.3333333333333333": 0.043478260869565216,
    "1.0": 0.043478260869565216
  },
  "(0.5, 0.25)": {
    "0.75": 0.125,
    "0.5": 0.1875,
    "0.25": 0.375,
    "1.0": 0.25,
    "0.3333333333333333": 0.0625
  },
  "(1.0, 1.5)": {
    "0.5": 1.0
  },
  "(1.5, 0.5)": {
    "0.75": 0.23076923076923078,
    "0.5": 0.6410256410256411,
    "1.0": 0.1282051282051282
  },
  "(0.25, 1.5)": {
    "0.75": 1.0
  },
  "(1.5, 0.75)": {
    "0.25": 1.0
  },
  "(0.5, 1.5)": {
    "0.5": 1.0
  },
  "(1.0, 0.3333333333333333)": {
    "0.3333333333333333": 1.0
  },
  "(0.3333333333333333, 0.3333333333333333)": {
    "0.3333333333333333": 0.6896551724137931,
    "0.75": 0.034482758620689655,
    "1.0": 0.13793103448275862,
    "0.5": 0.034482758620689655,
    "0.25": 0.10344827586206896
  },
  "(0.3333333333333333, 0.75)": {
    "0.75": 1.0
  },
  "(0.75, 0.75)": {
    "1.5": 1.0
  },
  "(0.75, 1.5)": {
    "1.0": 1.0
  },
  "(1.5, 1.0)": {
    "1.0": 1.0
  },
  "(0.25, 0.3333333333333333)": {
    "0.3333333333333333": 1.0
  },
  "(0.3333333333333333, 1.0)": {
    "1.75": 0.3333333333333333,
    "0.5": 0.3333333333333333,
    "0.3333333333333333": 0.3333333333333333
  },
  "(1.0, 1.75)": {
    "1.0": 1.0
  },
  "(1.75, 1.0)": {
    "0.5": 1.0
  },
  "(0.3333333333333333, 0.5)": {
    "0.3333333333333333": 1.0
  },
  "(0.5, 0.3333333333333333)": {
    "0.25": 1.0
  },
  "(0.3333333333333333, 0.25)": {
    "0.3333333333333333": 1.0
  },
  "(1.0, 2.0)": {
    "1.0": 0.75,
    "0.5": 0.25
  },
  "(2.0, 1.0)": {
    "1.0": 0.75,
    "0.5": 0.25
  },
  "(0.5, 2.0)": {
    "1.0": 0.5,
    "0.5": 0.5
  },
  "(2.0, 0.5)": {
    "0.5": 1.0
  },
  "(0.25, 2.0)": {
    "1.5": 1.0
  },
  "(2.0, 1.5)": {
    "0.5": 1.0
  }
}