{
  "(72, 74)": {
    "76": 0.15,
    "71": 0.3,
    "72": 0.4,
    "77": 0.15
  },
  "(74, 76)": {
    "79": 0.5,
    "81": 0.25,
    "67": 0.25
  },
  "(76, 79)": {
    "76": 0.5,
    "79": 0.5
  },
  "(79, 76)": {
    "74": 1.0
  },
  "(76, 74)": {
    "72": 0.6,
    "76": 0.2,
    "74": 0.2
  },
  "(74, 72)": {
    "72": 0.3181818181818182,
    "74": 0.045454545454545456,
    "71": 0.5,
    "70": 0.13636363636363635
  },
  "(72, 72)": {
    "74": 0.0425531914893617,
    "76": 0.02127659574468085,
    "72": 0.7021276595744681,
    "70": 0.1276595744680851,
    "69": 0.02127659574468085,
    "84": 0.02127659574468085,
    "67": 0.0425531914893617,
    "71": 0.02127659574468085
  },
  "(79, 79)": {
    "81": 0.5,
    "76": 0.25,
    "71": 0.25
  },
  "(79, 81)": {
    "79": 0.3333333333333333,
    "81": 0.3333333333333333,
    "84": 0.3333333333333333
  },
  "(81, 79)": {
    "79": 0.5,
    "81": 0.25,
    "76": 0.25
  },
  "(81, 81)": {
    "79": 1.0
  },
  "(81, 84)": {
    "81": 1.0
  },
  "(84, 81)": {
    "81": 1.0
  },
  "(76, 81)": {
    "79": 1.0
  },
  "(72, 76)": {
    "74": 1.0
  },
  "(76, 67)": {
    "67": 1.0
  },
  "(67, 67)": {
    "69": 0.047058823529411764,
    "67": 0.7058823529411765,
    "60": 0.047058823529411764,
    "71": 0.07058823529411765,
    "64": 0.011764705882352941,
    "65": 0.07058823529411765,
    "70": 0.03529411764705882,
    "62": 0.011764705882352941
  },
  "(67, 69)": {
    "72": 0.3,
    "67": 0.2,
    "69": 0.2,
    "71": 0.3
  },
  "(69, 72)": {
    "76": 0.125,
    "69": 0.625,
    "72": 0.125,
    "60": 0.125
  },
  "(74, 74)": {
    "72": 1.0
  },
  "(64, 64)": {
    "65": 0.32432432432432434,
    "64": 0.3783783783783784,
    "67": 0.2972972972972973
  },
  "(64, 65)": {
    "67": 0.7857142857142857,
    "64": 0.17857142857142858,
    "65": 0.03571428571428571
  },
  "(65, 67)": {
    "59": 0.2972972972972973,
    "67": 0.16216216216216217,
    "65": 0.08108108108108109,
    "71": 0.16216216216216217,
    "69": 0.16216216216216217,
    "62": 0.05405405405405406,
    "64": 0.05405405405405406,
    "60": 0.02702702702702703
  },
  "(67, 59)": {
    "59": 0.7272727272727273,
    "60": 0.2727272727272727
  },
  "(59, 59)": {
    "60": 0.6153846153846154,
    "55": 0.23076923076923078,
    "59": 0.07692307692307693,
    "66": 0.07692307692307693
  },
  "(59, 60)": {
    "64": 0.25,
    "67": 0.3125,
    "59": 0.09375,
    "62": 0.125,
    "60": 0.125,
    "57": 0.03125,
    "55": 0.0625
  },
  "(60, 64)": {
    "65": 0.75,
    "64": 0.25
  },
  "(60, 67)": {
    "67": 0.36363636363636365,
    "60": 0.09090909090909091,
    "64": 0.5454545454545454
  },
  "(67, 60)": {
    "60": 0.6666666666666666,
    "62": 0.16666666666666666,
    "59": 0.16666666666666666
  },
  "(60, 60)": {
    "59": 0.2,
    "60": 0.26666666666666666,
    "64": 0.3333333333333333,
    "62": 0.13333333333333333,
    "67": 0.06666666666666667
  },
  "(60, 59)": {
    "60": 0.7333333333333333,
    "59": 0.26666666666666666
  },
  "(67, 71)": {
    "67": 0.2,
    "72": 0.4,
    "74": 0.32,
    "71": 0.04,
    "64": 0.04
  },
  "(71, 67)": {
    "65": 0.6428571428571429,
    "67": 0.21428571428571427,
    "64": 0.07142857142857142,
    "71": 0.07142857142857142
  },
  "(67, 65)": {
    "64": 0.2692307692307692,
    "71": 0.11538461538461539,
    "67": 0.4230769230769231,
    "69": 0.07692307692307693,
    "62": 0.11538461538461539
  },
  "(65, 64)": {
    "64": 0.25,
    "62": 0.6666666666666666,
    "65": 0.08333333333333333
  },
  "(60, 62)": {
    "62": 0.7142857142857143,
    "64": 0.14285714285714285,
    "60": 0.14285714285714285
  },
  "(62, 62)": {
    "60": 0.26666666666666666,
    "64": 0.06666666666666667,
    "62": 0.4,
    "65": 0.2,
    "66": 0.06666666666666667
  },
  "(62, 60)": {
    "59": 0.6153846153846154,
    "57": 0.07692307692307693,
    "62": 0.07692307692307693,
    "55": 0.23076923076923078
  },
  "(59, 55)": {
    "55": 1.0
  },
  "(55, 55)": {
    "59": 1.0
  },
  "(55, 59)": {
    "60": 1.0
  },
  "(62, 64)": {
    "67": 0.75,
    "62": 0.25
  },
  "(64, 67)": {
    "67": 0.06666666666666667,
    "64": 0.2,
    "60": 0.06666666666666667,
    "69": 0.2,
    "71": 0.2,
    "65": 0.26666666666666666
  },
  "(72, 69)": {
    "69": 0.125,
    "67": 0.875
  },
  "(69, 69)": {
    "67": 0.1794871794871795,
    "69": 0.7948717948717948,
    "72": 0.02564102564102564
  },
  "(69, 67)": {
    "67": 0.25,
    "71": 0.125,
    "65": 0.16666666666666666,
    "69": 0.25,
    "64": 0.125,
    "66": 0.041666666666666664,
    "79": 0.041666666666666664
  },
  "(67, 64)": {
    "64": 0.75,
    "62": 0.0625,
    "60": 0.0625,
    "67": 0.0625,
    "65": 0.0625
  },
  "(64, 62)": {
    "64": 0.1,
    "60": 0.7,
    "59": 0.2
  },
  "(60, 57)": {
    "60": 0.5,
    "55": 0.5
  },
  "(57, 60)": {
    "60": 1.0
  },
  "(64, 60)": {
    "60": 1.0
  },
  "(71, 72)": {
    "71": 0.1724137931034483,
    "74": 0.3448275862068966,
    "67": 0.20689655172413793,
    "60": 0.10344827586206896,
    "69": 0.034482758620689655,
    "72": 0.034482758620689655,
    "64": 0.06896551724137931,
    "59": 0.034482758620689655
  },
  "(72, 71)": {
    "72": 0.6470588235294118,
    "71": 0.17647058823529413,
    "67": 0.17647058823529413
  },
  "(74, 71)": {
    "72": 0.3333333333333333,
    "67": 0.3333333333333333,
    "69": 0.3333333333333333
  },
  "(72, 67)": {
    "71": 0.75,
    "69": 0.125,
    "65": 0.125
  },
  "(71, 74)": {
    "77": 0.5454545454545454,
    "71": 0.2727272727272727,
    "72": 0.18181818181818182
  },
  "(74, 77)": {
    "74": 1.0
  },
  "(77, 74)": {
    "72": 1.0
  },
  "(71, 71)": {
    "67": 0.5,
    "71": 0.16666666666666666,
    "72": 0.3333333333333333
  },
  "(65, 71)": {
    "72": 1.0
  },
  "(72, 60)": {
    "64": 0.75,
    "55": 0.25
  },
  "(65, 69)": {
    "67": 1.0
  },
  "(73, 73)": {
    "73": 0.8378378378378378,
    "71": 0.16216216216216217
  },
  "(73, 71)": {
    "73": 0.6666666666666666,
    "68": 0.3333333333333333
  },
  "(71, 73)": {
    "73": 0.3333333333333333,
    "75": 0.6666666666666666
  },
  "(73, 75)": {
    "73": 0.5,
    "78": 0.5
  },
  "(75, 73)": {
    "71": 0.5,
    "73": 0.5
  },
  "(71, 68)": {
    "68": 1.0
  },
  "(68, 68)": {
    "68": 0.6666666666666666,
    "71": 0.3333333333333333
  },
  "(68, 71)": {
    "73": 1.0
  },
  "(75, 78)": {
    "75": 1.0
  },
  "(78, 75)": {
    "73": 1.0
  },
  "(65, 62)": {
    "62": 1.0
  },
  "(62, 65)": {
    "67": 1.0
  },
  "(69, 71)": {
    "69": 0.5,
    "74": 0.5
  },
  "(71, 69)": {
    "67": 0.5,
    "69": 0.5
  },
  "(72, 70)": {
    "72": 0.6666666666666666,
    "67": 0.3333333333333333
  },
  "(70, 72)": {
    "72": 0.3333333333333333,
    "74": 0.6666666666666666
  },
  "(70, 67)": {
    "67": 1.0
  },
  "(67, 70)": {
    "72": 1.0
  },
  "(67, 72)": {
    "72": 0.5,
    "69": 0.5
  },
  "(67, 66)": {
    "66": 0.5,
    "67": 0.5
  },
  "(66, 66)": {
    "67": 1.0
  },
  "(66, 67)": {
    "67": 0.25,
    "72": 0.25,
    "66": 0.25,
    "62": 0.25
  },
  "(67, 62)": {
    "60": 0.5,
    "62": 0.25,
    "67": 0.25
  },
  "(59, 66)": {
    "67": 1.0
  },
  "(62, 66)": {
    "66": 1.0
  },
  "(62, 67)": {
    "60": 1.0
  },
  "(57, 55)": {
    "78": 1.0
  },
  "(55, 78)": {
    "78": 1.0
  },
  "(78, 78)": {
    "78": 0.5,
    "79": 0.5
  },
  "(78, 79)": {
    "79": 1.0
  },
  "(79, 71)": {
    "71": 1.0
  },
  "(67, 79)": {
    "84": 1.0
  },
  "(79, 84)": {
    "84": 0.6666666666666666,
    "72": 0.3333333333333333
  },
  "(84, 84)": {
    "79": 1.0
  },
  "(84, 79)": {
    "84": 1.0
  },